Sample,Gene,Transcript_ID,Protein_position,Mutation,Peptide_Length,Tumor_start_position,Peptide,HLA,NetChop_Tumor,IC50,gene_abundance,ExpressionScore,MHCBindingScore,ProteasomalCleavageScore,CombineScore,PeptideScore
PT1,STK11,ENST00000326873,269,K/R,9,264,FENIGRGSY,HLA-B18:01,0.937717273336,58.01,5.405585173701716,1.0,0.9762153866499929,0.9928221246560764,0.9795367342512096,0.9795367342512096
PT1,SMARCA4,ENST00000344626,906,R/H,9,901,YVAPRHLLL,HLA-B08:01,0.742925093776,47.42,4.992720218915056,1.0,0.97857979594082,0.9770841723537838,0.9782806712234128,0.9782806712234128
PT1,NCOR1,ENST00000268712,1285,D/E,8,1285,ELKERTVL,HLA-B08:01,0.52288723301,23.35,5.914120897203071,1.0,0.9831233948383228,0.9168126247757135,0.9698612408258009,0.9698612408258009
PT1,SMARCA4,ENST00000344626,906,R/H,8,901,YVAPRHLL,HLA-B08:01,0.68241314946,85.25,4.992720218915056,1.0,0.9688839997731628,0.9672174466802864,0.9685506891545875,0.9685506891545875
PT1,TSC2,ENST00000219476,593,H/N,8,587,YEMLVSNI,HLA-B18:01,0.40408867816,177.57,4.700908698803824,1.0,0.9234771166105318,0.8373579381587526,0.906253280920176,0.906253280920176
PT1,FAT1,ENST00000441802,4296,R/Q,9,4293,HGHQKAVAV,HLA-B08:01,0.527752896957,212.97,5.088979876965464,1.0,0.8927171584758303,0.919109283803051,0.8979955835412745,0.8979955835412745
PT1,FAT1,ENST00000441802,4300,A/V,9,4293,HGHRKAVVV,HLA-B08:01,0.527752896957,228.52,5.088979876965464,1.0,0.8757886601215382,0.919109283803051,0.8844527848578408,0.8844527848578408
PT1,ERBB3,ENST00000267101,447,K/R,9,447,REISAGRIY,HLA-B18:01,0.354690946101,256.47,6.721120193069396,1.0,0.8389596013743437,0.7872176851490612,0.8286112181292873,0.8286112181292873
PT1,NCOR1,ENST00000268712,1445,R/H,9,1443,TVHSRHTSV,HLA-B08:01,0.051121601608,39.41,5.914120897203071,1.0,0.9802123233610858,0.1521735917722333,0.8146045770433153,0.8146045770433153
PT1,TSC2,ENST00000219476,593,H/N,9,587,YEMLVSNIQ,HLA-B18:01,0.047968379616,197.63,4.700908698803824,1.0,0.9072668045614188,0.14291993668735303,0.7543974309866057,0.7543974309866057
PT1,RB1,ENST00000267163,294,K/N,11,286,DEVKNVYFNNF,HLA-B18:01,0.015212632505,207.1,4.74884548823487,1.0,0.8985230652520125,0.045606238750425736,0.7279396999516953,0.7279396999516953
PT1,FAT1,ENST00000441802,4454,E/K,10,4446,DELPPLPPKF,HLA-B18:01,0.928869476348,345.05,5.088979876965464,1.0,0.6496830091404349,0.9924322594079682,0.7182328591939415,0.7182328591939415
PT1,FAT1,ENST00000441802,1608,N/H,10,1601,IESGNIGHSF,HLA-B18:01,0.03009437895,231.67,5.088979876965464,1.0,0.8720679870183068,0.09003863337155764,0.7156621162889569,0.7156621162889569
PT1,TSC2,ENST00000219476,593,H/N,9,590,LVSNIQLHY,HLA-A01:01,0.8264514436020001,349.89,4.700908698803824,1.0,0.6354769599652498,0.986053949532874,0.7055923578787746,0.7055923578787746
PT1,CAMTA1,ENST00000303635,158,IPTFHR/M,8,156,SIMRCYWL,HLA-B08:01,0.021894864264,257.06,6.6367790657756025,1.0,0.8380838033529452,0.06559029089204776,0.6835851008607658,0.6835851008607658
PT1,TSC2,ENST00000219476,593,H/N,10,587,YEMLVSNIQL,HLA-B18:01,0.8082446490840001,358.94,4.700908698803824,1.0,0.6077211242742956,0.9844566555711702,0.6830682305336706,0.6830682305336706
PT1,CAMTA1,ENST00000303635,158,IPTFHR/M,9,155,SSIMRCYWL,HLA-B08:01,0.013844310522,269.52,6.6367790657756025,1.0,0.8185475869413894,0.041509066812654656,0.6631398829156424,0.6631398829156424
PT1,CAMTA1,ENST00000303635,158,IPTFHR/M,10,155,SSIMRCYWLL,HLA-B08:01,0.020250973702,283.35,6.6367790657756025,1.0,0.7944012083073284,0.0606782866202855,0.6476566239699199,0.6476566239699199
PT1,NF1,ENST00000356175,473,T/I,9,467,TFKEKVISL,HLA-B08:01,0.5671898795370001,96.97,3.445065642399615,0.66,0.965082452931025,0.9356050030832052,0.9591869629614611,0.6330633955545644
PT1,CREBBP,ENST00000262367,1446,R/H,9,1441,RPRCLHTAV,HLA-B08:01,0.49561569616,106.41,3.8903012680301448,0.66,0.9616918537054369,0.9027429378258889,0.9499020705295274,0.6269353665494881
PT1,AXIN1,ENST00000262320,665,S/F,9,662,HENFRPLSL,HLA-B18:01,0.0306094097489999,300.4,4.768819719018938,1.0,0.7607529270441292,0.09157098537609434,0.6269165387105223,0.6269165387105223
PT1,CAMTA1,ENST00000303635,158,IPTFHR/M,8,157,IMRCYWLL,HLA-B08:01,0.022767160914,297.99,6.6367790657756025,1.0,0.7657826978832081,0.06819546964931647,0.6262652522364298,0.6262652522364298
PT1,ACVR2A,ENST00000241416,201,G/R,9,198,KARRRFGCV,HLA-B08:01,0.5402686018870001,165.87,2.3235557644866445,0.66,0.9316375700470244,0.9247410301957645,0.9302582620767725,0.6139704529706699
PT1,ACVR2A,ENST00000241416,165,K/E,8,159,WVYRHHEM,HLA-B08:01,0.3164760426,62.14,2.3235557644866445,0.66,0.9752249384704604,0.7395240431504675,0.9280847594064618,0.6125359412082648
PT1,KDM6A,ENST00000377967,1104,T/I,9,1101,HELIKLPAF,HLA-B18:01,0.286240305455,30.99,3.456081812897514,0.66,0.9817956855336737,0.6955980694326045,0.9245561623134599,0.6102070671268836
PT1,APC,ENST00000257430,170,D/A,10,163,QNLTKRIASL,HLA-B08:01,0.866058191924,205.77,2.9554865684615654,0.66,0.8997966012772041,0.9889874906748924,0.9176347791567417,0.6056389542434496
PT1,PTPN13,ENST00000316707,732,A/T,10,726,MEHYLPTRVM,HLA-B18:01,0.690336760995,213.86,3.560785849615684,0.66,0.8918099610056697,0.9687157080076084,0.9071911104060575,0.5987461328679979
PT1,APC,ENST00000257430,170,D/A,9,164,NLTKRIASL,HLA-B08:01,0.208716790152,11.1,2.9554865684615654,0.66,0.9850546276076262,0.5553957526657634,0.8991228526192536,0.5934210827287074
PT1,ATR,ENST00000350721,138,S/G,9,133,LFKSKGPAI,HLA-B08:01,0.307329399317,154.06,2.3258974030572457,0.66,0.9390204712953417,0.7268366207796532,0.8965837011922041,0.5917452427868547
PT1,BRCA1,ENST00000357654,1124,F/L,9,1121,NTDLSPYLI,HLA-A01:01,0.76535751492,231.54,3.9502602636842536,0.66,0.8722235721307895,0.97994101380312,0.8937670604652557,0.5898862599070688
PT1,ATR,ENST00000350721,138,S/G,10,132,FLFKSKGPAI,HLA-B08:01,0.218431827059,86.07,2.3258974030572457,0.66,0.968631817853176,0.575224056922221,0.8899502656669851,0.5873671753402102
PT1,ARID2,ENST00000334344,196,D/Y,9,196,YPKIITLLL,HLA-B08:01,0.2325875094849999,114.26,3.4385704574045923,0.66,0.9586281951418915,0.6029456446325249,0.8874916850400182,0.585744512126412
PT1,BRAF,ENST00000288602,241,T/M,10,236,NFVRKMFFTL,HLA-B08:01,0.2615637656719999,149.85,3.471936455484359,0.66,0.9414608373292577,0.6553911487019244,0.884246899603791,0.5836029537385021
PT1,TSC2,ENST00000219476,593,H/N,12,587,YEMLVSNIQLHY,HLA-B18:01,0.854322713784,397.19,4.700908698803824,1.0,0.47309475085532154,0.988188860633051,0.5761135728108675,0.5761135728108675
PT1,ARID2,ENST00000334344,196,D/Y,8,196,YPKIITLL,HLA-B08:01,0.231191600976,158.6,3.4385704574045923,0.66,0.9362784330314851,0.6002736080983118,0.8690774680448504,0.5735911289096013
PT1,FAT1,ENST00000441802,29,Q/H,9,24,SQRLEHTPL,HLA-B08:01,0.154196332704,359.0,5.088979876965464,1.0,0.6075318872684417,0.43219196457922615,0.5724639027305986,0.5724639027305986
PT1,EP300,ENST00000263253,1214,S/Y,9,1206,NEIQGESVY,HLA-B18:01,0.14262096933,23.82,3.7926031036735446,0.66,0.9830445621353696,0.4035337639508027,0.8671424024984562,0.5723139856489812
PT1,MAP3K1,ENST00000399503,853,R/C,10,850,TRMCRRLMAI,HLA-B08:01,0.124528047663,75.81,2.457562028435784,0.66,0.9716472328768151,0.35712274011309086,0.8487423343240703,0.5601699406538865
PT1,KMT2D,ENST00000301067,921,G/V,9,913,EELPLSPSV,HLA-B18:01,0.26811908704,213.39,4.081373813720522,0.66,0.8922899404381862,0.6664656764900736,0.8471250876485636,0.5591025578480521
PT1,PDE4DIP,ENST00000369354,1795,E/DEL,8,1795,DELLGRIL,HLA-B18:01,0.12852012487,111.18,4.070992284464761,0.66,0.9598578374273065,0.3675265688369834,0.8413915837092418,0.5553184452480996
PT1,PIK3CA,ENST00000263967,1021,Y/H,8,1021,HIRKTLAL,HLA-B08:01,0.092612681407,32.76,2.796875461076224,0.66,0.9814736119778544,0.2709029630128453,0.8393594821848526,0.5539772582420027
PT1,ACVR2A,ENST00000241416,165,K/E,9,164,HEMAYPPVL,HLA-B18:01,0.063402671592,31.21,2.3235557644866445,0.66,0.9817559576895545,0.18794688056674433,0.8229941422649926,0.5431761338948952
PT1,MAP3K1,ENST00000399503,853,R/C,11,849,FTRMCRRLMAI,HLA-B08:01,0.09340565571,118.35,2.457562028435784,0.66,0.9569381960077006,0.27310587669990966,0.8201717321461424,0.541313343216454
PT1,FAT1,ENST00000441802,311,G/V,9,303,FRTVRSFPV,HLA-B08:01,0.01187286408,339.16,5.088979876965464,1.0,0.666378257902071,0.03560353696607258,0.5402233137148712,0.5402233137148712
PT1,BRAF,ENST00000288602,241,T/M,9,237,FVRKMFFTL,HLA-B08:01,0.039518759506,15.58,3.471936455484359,0.66,0.9843752001964521,0.11800392424919079,0.8111009450069999,0.5353266237046199
PT1,PIK3CA,ENST00000263967,1021,Y/H,10,1019,IAHIRKTLAL,HLA-B08:01,0.04707375257,71.7,2.796875461076224,0.66,0.9727733674414359,0.14028987427145415,0.8062766688074396,0.5321426014129101
PT1,DDR2,ENST00000367921,469,S/L,9,463,SEQGSNLTY,HLA-B18:01,0.043622746992,65.73,2.497359287012651,0.66,0.9743309785214241,0.13012621903272215,0.8054900266236839,0.5316234175716313
PT1,PIK3CA,ENST00000263967,1021,Y/H,8,1019,IAHIRKTL,HLA-B08:01,0.0446534712,86.5,2.796875461076224,0.66,0.9684987733220671,0.13316480008779355,0.8014319786752124,0.5289451059256403
PT1,ATR,ENST00000350721,1023,V/L,8,1022,NLNRREIL,HLA-B08:01,0.045447833158,95.3,2.3258974030572457,0.66,0.9656508021380785,0.13550487998594976,0.7996216177076528,0.5277502676870509
PT1,CAMTA1,ENST00000303635,158,IPTFHR/M,9,156,SIMRCYWLL,HLA-B08:01,0.032027042424,350.15,6.6367790657756025,1.0,0.6347012998704908,0.095786554671814,0.5269183508307554,0.5269183508307554
PT1,DDR2,ENST00000367921,761,L/R,9,759,ILRGKFTTA,HLA-B08:01,0.02558906656,56.64,2.497359287012651,0.66,0.976535217022027,0.07661675275330398,0.7965515241682825,0.5257240059510665
PT1,APC,ENST00000257430,170,D/A,8,165,LTKRIASL,HLA-B08:01,0.027476838588,75.11,2.9554865684615654,0.66,0.9718422247509465,0.08224432245926584,0.7939226442926104,0.5239889452331229
PT1,DICER1,ENST00000343455,162,G/C,9,158,VLKNCYLSL,HLA-B08:01,0.0359041480919999,101.0,3.547228541623162,0.66,0.963672617943135,0.10729780952936496,0.792397656260381,0.5229824531318514
PT1,DDR2,ENST00000367921,761,L/R,9,756,WESILRGKF,HLA-B18:01,0.031242758042,106.12,2.497359287012651,0.66,0.9618006676221125,0.09345476788825788,0.7881314876753416,0.5201667818657255
PT1,ACVR2A,ENST00000241416,165,K/E,9,158,FWVYRHHEM,HLA-B08:01,0.114508326708,205.24,2.3235557644866445,0.66,0.9002998701763513,0.33062070946530275,0.7863640380341417,0.5190002651025335
PT1,TRRAP,ENST00000355540,2450,R/C,10,2447,SMKCRVYERL,HLA-B08:01,0.017047938231,86.06,3.4060116770386655,0.66,0.9686349053237144,0.05109926918149131,0.7851277780952699,0.5181843335428782
PT1,MAP3K1,ENST00000399503,853,R/C,9,851,RMCRRLMAI,HLA-B08:01,0.013594540983,89.17,2.457562028435784,0.66,0.9676601449483483,0.04076102612998458,0.7822803211846756,0.5163050119818859
PT1,ACVR2A,ENST00000241416,165,K/E,8,164,HEMAYPPV,HLA-B18:01,0.033854817204,132.57,2.3235557644866445,0.66,0.9505208331233862,0.10121666268896266,0.7806599990365015,0.515235599364091
PT1,NF1,ENST00000356175,473,T/I,8,468,FKEKVISL,HLA-B08:01,0.025714930486,123.45,3.445065642399615,0.66,0.9547360703241388,0.07699211714261062,0.7791872796878332,0.5142636045939699
PT1,FAT1,ENST00000441802,29,Q/H,8,27,LEHTPLQF,HLA-B18:01,0.082051094532,367.48,5.088979876965464,1.0,0.580091100133223,0.24129929979732714,0.5123327400660438,0.5123327400660438
PT1,APC,ENST00000257430,170,D/A,11,164,NLTKRIASLPL,HLA-B08:01,0.139586752032,235.52,2.9554865684615654,0.66,0.8673795341692222,0.3958855007572701,0.7730807274868319,0.5102332801413091
PT1,RNF213,ENST00000508628,2846,R/H,9,2841,YSDLFHSLK,HLA-A01:01,0.041558052315,161.05,3.165938936104091,0.66,0.9347495359345023,0.12403218445773792,0.7726060656391495,0.5099200033218386
PT1,ATM,ENST00000278616,2045,A/T,9,2038,HEAMWGKTL,HLA-B18:01,0.0095886352199999,131.67,2.3873808077159,0.66,0.9509532761530031,0.028757973907072416,0.7665142157038171,0.5058993823645193
PT1,SMAD4,ENST00000342988,497,R/H,8,494,DLRHLCIL,HLA-B08:01,0.019118806468,149.09,3.663312659092623,0.66,0.9418911713845564,0.05729360579663426,0.764971658266972,0.5048812944562016
PT1,DDR2,ENST00000367921,469,S/L,9,469,LTYDRIFPL,HLA-B08:01,0.0496179376799999,191.97,2.497359287012651,0.66,0.9121455712242489,0.14776406310399973,0.759269269600199,0.5011177179361314
PT1,DDR2,ENST00000367921,469,S/L,10,468,NLTYDRIFPL,HLA-B08:01,0.0353422356,188.14,2.497359287012651,0.66,0.9153069798476798,0.10563117977084648,0.7533718198323132,0.4972254010893267
PT1,TRRAP,ENST00000355540,2450,R/C,11,2447,SMKCRVYERLL,HLA-B08:01,0.011558015614,166.07,3.4060116770386655,0.66,0.9315053955142453,0.03466015744049895,0.7521363478994961,0.49640998961366745
PT1,KDM6A,ENST00000377967,1011,N/MSY,9,1009,DEMSYWDPT,HLA-B18:01,0.02321899979,187.21,3.456081812897514,0.66,0.9160580687334172,0.06954455674573665,0.7467553663358811,0.4928585417816816
PT1,CREBBP,ENST00000262367,1446,R/H,11,1439,FFRPRCLHTAV,HLA-B08:01,0.027071326048,196.5,3.8903012680301448,0.66,0.9082609959414665,0.08103589334495416,0.742815975422164,0.49025854377862826
PT1,DICER1,ENST00000343455,777,L/F,9,773,IGMVFTTPL,HLA-B08:01,0.11706539985,255.11,3.547228541623162,0.66,0.8409619454417147,0.3374359685023135,0.7402567500538345,0.4885694550355308
PT1,BRAF,ENST00000288602,241,T/M,11,235,HNFVRKMFFTL,HLA-B08:01,0.1556896251779999,274.88,3.471936455484359,0.66,0.8095079887679627,0.435827981910399,0.73477198739645,0.484949511681657
PT1,NF1,ENST00000356175,473,T/I,11,465,SLTFKEKVISL,HLA-B08:01,0.048209873858,222.83,3.445065642399615,0.66,0.8822544973540648,0.14362954745133064,0.734529507373518,0.48478947486652185
PT1,DDR2,ENST00000367921,469,S/L,10,462,PSEQGSNLTY,HLA-A01:01,0.05101466832,231.83,2.497359287012651,0.66,0.8718762553559593,0.15186020531925623,0.7278730453486187,0.4803962099300884
PT1,MAP3K1,ENST00000399503,853,R/C,8,852,MCRRLMAI,HLA-B08:01,0.15838269493,296.37,2.457562028435784,0.66,0.7691119468377009,0.44234947243423045,0.7037594519570068,0.4644812382916245
PT1,EP300,ENST00000263253,1214,S/Y,10,1205,FNEIQGESVY,HLA-B18:01,0.030899675128,250.71,3.7926031036735446,0.66,0.847285164561278,0.09243441060634933,0.6963150137702923,0.4595679090883929
PT1,ATR,ENST00000350721,2087,M/I,9,2087,IPRMLTLWL,HLA-B08:01,0.021376381321,263.44,2.3258974030572457,0.66,0.8283324745926319,0.06404137696341493,0.6754742550667886,0.4458130083440805
PT1,ATR,ENST00000350721,1023,V/L,9,1021,LNLNRREIL,HLA-B08:01,0.004412406664,269.55,2.3258974030572457,0.66,0.8184980838864828,0.013236446886671674,0.6574457564865207,0.4339141992811037
PT1,NOTCH1,ENST00000651671,1744,F/L,9,1736,FMYVAAAAL,HLA-B08:01,0.028916251025,283.88,3.467862939287431,0.66,0.7934214923300197,0.08653180130785021,0.6520435541255859,0.4303487457228867
PT1,MAP3K1,ENST00000399503,853,R/C,10,849,FTRMCRRLMA,HLA-B08:01,0.06621800895,305.84,2.457562028435784,0.66,0.7490556299652887,0.19608143922032395,0.6384607918162959,0.4213841225987553
PT1,NF1,ENST00000356175,473,T/I,10,466,LTFKEKVISL,HLA-B08:01,0.049806181981,309.03,3.445065642399615,0.66,0.7419708813292711,0.14831641935417142,0.6232399889342513,0.4113383926966058
PT1,MAP3K1,ENST00000399503,853,R/C,9,850,TRMCRRLMA,HLA-B08:01,0.088281585435,320.94,2.457562028435784,0.66,0.7140016450378691,0.25882138560437373,0.6229655931511701,0.41115729147977226
PT1,ATR,ENST00000350721,48,V/A,9,45,LTDANVVAV,HLA-A01:01,0.269497435488,369.77,2.3258974030572457,0.66,0.5724436295892008,0.6687577022953802,0.5917064441304367,0.39052625312608824
PT1,APC,ENST00000257430,2029,S/Y,9,2021,FSRNSSLSY,HLA-A01:01,0.001326192028,310.84,2.9554865684615654,0.66,0.7378757078481445,0.003978555091749578,0.5910962772968655,0.3901235430159313
PT1,TRRAP,ENST00000355540,2334,T/A,9,2328,FIQAILASL,HLA-B08:01,0.021672160659,319.96,3.4060116770386655,0.66,0.7163952397208396,0.06492502529339854,0.5861011968353514,0.38682678991133196
PT1,MAP3K1,ENST00000399503,853,R/C,8,850,TRMCRRLM,HLA-B08:01,0.073655855232,339.86,2.457562028435784,0.66,0.6644279270016547,0.21744007419535968,0.5750303564403957,0.3795200352506612
PT1,ATR,ENST00000350721,1022,N/K,10,1020,QLKVNRREIL,HLA-B08:01,0.055573263228,336.69,2.3258974030572457,0.66,0.6731877305176023,0.1651920867518757,0.571588601764457,0.37724847716454163
PT1,NOTCH2,ENST00000256646,2256,R/C,9,2256,CMEVNETQY,HLA-A01:01,0.07944204703,347.44,3.751261094240748,0.66,0.6427232586770681,0.2339140979223237,0.5609614265261192,0.3702345415072387
PT1,CREBBP,ENST00000262367,1446,R/H,10,1439,FFRPRCLHTA,HLA-B08:01,0.0060483293659999,337.76,3.8903012680301448,0.66,0.6702517064842907,0.018142997004671205,0.5398299645883669,0.3562877766283221
PT1,PIK3CA,ENST00000263967,1021,Y/H,9,1019,IAHIRKTLA,HLA-B08:01,0.01619585396,360.12,2.796875461076224,0.66,0.6039867952569958,0.0485493635691012,0.4928993089194169,0.32531354388681516
PT1,TBX3,ENST00000257566,295,D/Y,9,291,QLKIYNNPF,HLA-B08:01,0.028601303136,363.11,4.0335269729229175,0.66,0.5944047477662814,0.08559395599827303,0.49264258941267974,0.3251441090123686
PT1,BRCA2,ENST00000380152,3389,S/Y,10,3381,RLKRRCTTYL,HLA-B08:01,0.831374015416,70.27,1.4122744970439844,0.33,0.9731547489339407,0.9864570803343875,0.9758152152140301,0.32201902102062996
PT1,LRP1B,ENST00000389484,3134,D/N,10,3128,RLKFPRNLSL,HLA-B08:01,0.900697239144,83.75,0.1588480991145799,0.33,0.9693401549716125,0.9910448267359262,0.9736810893244753,0.3213147594770769
PT1,PREX2,ENST00000288368,288,S/F,9,288,FTDGHRYLF,HLA-A01:01,0.581193791776,60.12,0.6720486796580041,0.33,0.9757143579839097,0.9406405906640254,0.9686996045199329,0.31967086949157786
PT1,ERBB4,ENST00000260943,1124,Y/C,9,1120,DEEGCMTPM,HLA-B18:01,0.669495737622,101.33,0.0101078401665694,0.33,0.9635547277066383,0.9646223282110208,0.9637682478075149,0.31804352177647993
PT1,TSHR,ENST00000298171,95,H/LSY,10,91,QLESLSYSFY,HLA-A01:01,0.538484342515,92.01,0.0805044213693608,0.33,0.9667440176420914,0.9239618090790158,0.9581875759294763,0.3162019000567272
PT1,BRCA2,ENST00000380152,3130,E/K,9,3128,RPKSKSGLL,HLA-B08:01,0.901211749845,160.57,1.4122744970439844,0.33,0.9350518410951844,0.9910723060897615,0.9462559340940998,0.3122644582510529
PT1,FAT4,ENST00000335110,2903,Q/K,9,2900,FARKSPMPL,HLA-B08:01,0.195560885685,32.97,0.7877971584511293,0.33,0.9814350272021575,0.5275055465775289,0.8906491310772319,0.29391421325548656
PT1,TSHR,ENST00000298171,95,H/LSY,9,92,LESLSYSFY,HLA-B18:01,0.196042560595,49.6,0.0805044213693608,0.33,0.9781128747537907,0.5285476805882648,0.8881998359206856,0.29310594585382627
PT1,PTPN13,ENST00000316707,732,A/T,9,724,FRMEHYLPT,HLA-B08:01,0.20083328083,410.41,3.560785849615684,0.66,0.4202124463995107,0.5388260106779313,0.4439351592551949,0.29299720510842864
PT1,PDE4DIP,ENST00000369347,25,R/L,9,21,SLKLLIYFL,HLA-B08:01,0.259218348334,417.67,4.070992284464761,0.66,0.38987277832229417,0.6513587021246322,0.4421699630827618,0.2918321756346228
PT1,TSHR,ENST00000298171,95,H/LSY,8,92,LESLSYSF,HLA-B18:01,0.17097821213,24.24,0.0805044213693608,0.33,0.9829738070564511,0.47222856971435545,0.8808247595880321,0.2906721706640506
PT1,LRP1B,ENST00000389484,3134,D/N,9,3129,LKFPRNLSL,HLA-B08:01,0.856272345246,265.7,0.1588480991145799,0.33,0.8247524392565453,0.9883254180745678,0.8574670350201498,0.28296412155664946
PT1,DICER1,ENST00000343455,162,G/C,10,157,NVLKNCYLSL,HLA-B08:01,0.457790949655,435.42,3.547228541623162,0.66,0.3121267582316578,0.8794585914694519,0.42559312487921663,0.280891462420283
PT1,BRAF,ENST00000288602,241,T/M,10,237,FVRKMFFTLA,HLA-B08:01,0.037750317381,389.83,3.471936455484359,0.66,0.5011569977114919,0.11276924609785327,0.4234794473887642,0.2794964352765844
PT1,BRCA2,ENST00000380152,1874,I/F,9,1866,FTDSFSKVF,HLA-A01:01,0.4259074191799999,268.38,1.4122744970439844,0.33,0.8204197169625518,0.855876863204296,0.8275111462109007,0.27307867824959725
PT1,AMER1,ENST00000374869,536,F/C,10,533,SEMCDPFLNF,HLA-B18:01,0.147040169045,195.43,1.253009184861109,0.33,0.9091930395694309,0.41457279794538715,0.8102689912446221,0.26738876711072534
PT1,BRCA2,ENST00000380152,3130,E/K,8,3128,RPKSKSGL,HLA-B08:01,0.704711891499,301.19,1.4122744970439844,0.33,0.75908396334472,0.9712637677712674,0.8015199242300295,0.26450157499590976
PT1,FAT4,ENST00000335110,2903,Q/K,9,2898,LGFARKSPM,HLA-B08:01,0.021325577022,52.97,0.7877971584511293,0.33,0.9773711970133891,0.06388958767671982,0.7946748751460553,0.2622427087981983
PT1,FAT4,ENST00000394329,1170,R/I,9,1166,LMRRIGTAV,HLA-B08:01,0.009331009402,48.7,0.7877971584511293,0.33,0.9783068480883848,0.02798571862832594,0.7882426221963731,0.26012006532480314
PT1,FAT4,ENST00000394329,1170,R/I,9,1165,SLMRRIGTA,HLA-B08:01,0.00254957978,22.9,0.7877971584511293,0.33,0.9831985323838742,0.007648590184880238,0.7880885439440756,0.26006921950154493
PT1,CAMTA1,ENST00000303635,1037,R/C,8,1034,FESCVVVV,HLA-B18:01,0.043045472124,439.75,6.6367790657756025,1.0,0.29245611666180066,0.1284233370734502,0.2596495607441306,0.2596495607441306
PT1,FAT4,ENST00000394329,1170,R/I,10,1165,SLMRRIGTAV,HLA-B08:01,0.005271053656,44.03,0.7877971584511293,0.33,0.9792863761120476,0.01581184304091389,0.7865914694978209,0.2595751849342809
PT1,AMER1,ENST00000374869,982,RP/T,10,979,QLDTSSQSPY,HLA-A01:01,0.131803613505,219.61,1.253009184861109,0.33,0.8857724185311129,0.3760154683955945,0.7838210285040093,0.25866093940632306
PT1,AFF3,ENST00000317233,877,R/W,9,872,NEKMLWSPI,HLA-B18:01,0.095240726584,200.16,0.5921058823527195,0.33,0.9050035836063243,0.27819277345020765,0.779641421575101,0.25728166911978334
PT1,LRP1B,ENST00000389484,1486,D/E,8,1485,TEWRTNTL,HLA-B18:01,0.878448224901,319.9,0.1588480991145799,0.33,0.7165412416960751,0.9897724382429914,0.7711874810054584,0.2544918687318013
PT1,FAT4,ENST00000394329,1170,R/I,11,1165,SLMRRIGTAVF,HLA-B08:01,0.02514694776,145.45,0.7877971584511293,0.33,0.9439100466592918,0.07529804899870143,0.7701876471271738,0.2541619235519674
PT1,ZFHX3,ENST00000268489,88,F/L,11,84,CSASLASLQTY,HLA-A01:01,0.076246452684,218.25,2.093055627808152,0.33,0.8872283954864393,0.22483177471531612,0.7547490713322147,0.24906719353963086
PT1,BRCA1,ENST00000357654,1124,F/L,10,1118,QTVNTDLSPY,HLA-A01:01,0.469777663398,450.11,3.9502602636842536,0.66,0.24440158463590683,0.887352406667584,0.3729917490422423,0.24617455436787994
PT1,AMER1,ENST00000374869,539,F/V,10,533,SEMFDPVLNF,HLA-B18:01,0.147040169045,275.64,1.253009184861109,0.33,0.8081941055146942,0.41457279794538715,0.7294698440008328,0.24072504852027485
PT1,PIK3R1,ENST00000320694,194,F/Y,11,184,IEAFNETIKIY,HLA-B18:01,0.036076829946,409.3,2.9723118962008748,0.66,0.424771755785335,0.10780986241774909,0.36137937711181783,0.23851038889379977
PT1,APC,ENST00000257430,170,D/A,11,162,LQNLTKRIASL,HLA-B08:01,0.088908953631,418.86,2.9554865684615654,0.66,0.38481551110222784,0.2605765537454152,0.3599677196308653,0.23757869495637113
PT1,BRCA2,ENST00000380152,2896,R/C,9,2890,LTRQQVCAL,HLA-B08:01,0.0459743123279999,240.12,1.4122744970439844,0.33,0.8615686195115135,0.13705498349516299,0.7166658923082434,0.23649974446172034
PT1,LRP1B,ENST00000389484,1752,S/L,9,1744,ENKLYWISL,HLA-B08:01,0.008051798728,235.09,0.1588480991145799,0.33,0.8679109956448579,0.024150699191239237,0.6991589363541342,0.23072244899686428
PT1,FAT4,ENST00000335110,2031,F/C,10,2023,FLTNHYLHCL,HLA-B08:01,0.077738601875,290.15,0.7877971584511293,0.33,0.7815146024770637,0.22907763927575056,0.6710272098368011,0.22143897924614436
PT1,FAT4,ENST00000335110,2031,F/C,9,2031,CLRIASSQL,HLA-B08:01,0.242351094975,339.78,0.7877971584511293,0.33,0.6646512818403936,0.6212592692944383,0.6559728793312026,0.21647105017929688
PT1,BRCA2,ENST00000380152,3389,S/Y,12,3379,YLRLKRRCTTYL,HLA-B08:01,0.079394433401,303.33,1.4122744970439844,0.33,0.7545124375267886,0.2337790681787098,0.6503657636571729,0.21462070200686706
PT1,FAT4,ENST00000394329,1170,R/I,8,1166,LMRRIGTA,HLA-B08:01,0.004513358135,289.53,0.7877971584511293,0.33,0.7827183106739921,0.013539247015413083,0.6288824979422764,0.2075312243209512
PT1,BRCA2,ENST00000380152,1291,Q/H,8,1287,NNKCHLIL,HLA-B08:01,0.40545271026,372.19,1.4122744970439844,0.33,0.564252361652372,0.838576603565327,0.619117210034963,0.2043086793115378
PT1,LRP1B,ENST00000389484,65,S/Y,9,63,DEYLDTCPE,HLA-B18:01,0.002366839643,359.39,0.1588480991145799,0.33,0.6063001648622989,0.00710039960157868,0.48646021181015486,0.1605318698973511
PT1,EP300,ENST00000263253,2088,R/W,9,2082,AAFIKQWAA,HLA-B08:01,0.10341117707,454.29,3.7926031036735446,0.66,0.22465198093305294,0.30064953434987995,0.23985149161641836,0.15830198446683613
PT1,RAD51B,ENST00000460526,45,S/R,10,43,GLRYRGVHEL,HLA-B08:01,0.192457262954,416.06,1.9772941193865647,0.33,0.3966776680441035,0.5207525677897649,0.42149264799323577,0.1390925738377678
PT1,NOTCH1,ENST00000651671,1650,A/G,8,1645,LGQVKGSL,HLA-B08:01,0.365453151005,499.48,3.467862939287431,0.66,0.0025999941413490843,0.7991875162254726,0.16191749855817378,0.1068655490483947
PT1,GPHN,ENST00000315266,670,R/C,9,670,CPEYHRCIL,HLA-B08:01,0.018340842523,478.4,5.397933853077584,1.0,0.10758204589840369,0.05496706822168005,0.09705905036305897,0.09705905036305897
PT1,APC,ENST00000257430,170,D/A,10,164,NLTKRIASLP,HLA-B08:01,0.006023879784,467.7,2.9554865684615654,0.66,0.16011040128754628,0.01806967230530996,0.131702255491099,0.08692348862412536
PT1,AFF3,ENST00000317233,877,R/W,9,875,MLWSPISPL,HLA-B08:01,0.93951357836,490.71,0.5921058823527195,0.33,0.046416621927640775,0.9928987979678399,0.2357130571356806,0.07778530885477461
PT1,AMER1,ENST00000374869,539,F/V,8,533,SEMFDPVL,HLA-B18:01,0.10269605938,458.58,1.253009184861109,0.33,0.20418906237254564,0.2986968435609883,0.22309061861023416,0.07361990414137727
PT1,BRCA2,ENST00000380152,3130,E/K,11,3128,RPKSKSGLLTL,HLA-B08:01,0.907763254904,498.3,1.4122744970439844,0.33,0.008499795297582508,0.991414959853171,0.20508282820870022,0.06767733330887107
PT1,FAT4,ENST00000335110,2903,Q/K,11,2896,SPLGFARKSPM,HLA-B08:01,0.16972660179,477.06,0.7877971584511293,0.33,0.11419963181634392,0.46930589677513884,0.18522088480810292,0.06112289198667396
PT1,AFF3,ENST00000317233,221,A/S,8,219,SLSSKPSL,HLA-B08:01,0.0625134205199999,487.3,0.5921058823527195,0.33,0.06341478814389748,0.18537207825804988,0.08780624616672797,0.02897606123502023
